2009,2,edgar/data/1174290/0001327459-09-000010.txt,sorted incorrectly,"[['Large accelerated', 44], ['Accelerated', 66], ['Non-accelerated', 88], ['Smaller reporting', -1]]","whether the registrant is a large accelerated filer, an accelerated filer, a non-accelerated filer, or a smaller reporting company. see the definitions of ""large accelerated filer,"" ""accelerated filer"" and ""smaller reporting company"" in rule 12b-2 of the exchange act. (check one): [ ] large accelerated filer [ ] accelerated filer [ ] non-accelerated filer . yes no x"
2009,2,edgar/data/910560/0001104659-09-037248.txt,sorted incorrectly,"[['Large accelerated', 61], ['Accelerated', 41], ['Non-accelerated', 81], ['Smaller reporting', 100]]","whether the registrant is a large accelerated filer, an accelerated filer, or a non-accelerated filer. see definition of accelerated filer and large accelerated filer in rule 12b-2 of the exchange act). (check one): accelerated filer o large accelerated filer o non-accelerated filer x smaller reporting company o"
2009,2,edgar/data/856984/0000856984-09-000003.txt,sorted incorrectly,"[['Large accelerated', 60], ['Accelerated', 80], ['Non-accelerated', 100], ['Smaller reporting', 32]]","whether the registrant is a large accelerated filer, an accelerated filer, a non-accelerated filer (as defined in rule 12b-2 of the exchange act) or a smaller reporting company . large accelerated filer ¨ accelerated filer ¨ non-accelerated filer ¨ smaller reporting company x"
2009,2,edgar/data/1167887/0001062993-09-001551.txt,sorted incorrectly,"[['Large accelerated', 27], ['Accelerated', -1], ['Non-accelerated', -1], ['Smaller reporting', 49]]","whether the registrant is a large accelerated filer, an accelerated filer, a non-accelerated filer, or a smaller reporting company. see the definitions of large accelerated filer, accelerated filer and smaller reporting company in rule 12b-2 of the exchange act. large accelerated filer [ ] smaller reporting company [x]"
2009,2,edgar/data/1049861/0000930413-09-002395.txt,sorted incorrectly,"[['Large accelerated', 27], ['Accelerated', 62], ['Non-accelerated', 45], ['Smaller reporting', 80]]","whether the registrant is a large accelerated filer, an accelerated filer, a non-accelerated filer, or a smaller reporting company. see the definitions of large accelerated filer, accelerated filer and smaller reporting company in rule 12b-2 of the exchange act. large accelerated filer non-accelerated filer accelerated filer smaller reporting company þ"
2009,2,edgar/data/1097575/0001019687-09-001476.txt,sorted incorrectly,"[['Large accelerated', 25], ['Accelerated', 68], ['Non-accelerated', 47], ['Smaller reporting', 90]]","whether the registrant is a large accelerated filer, an accelerated filer, a non-accelerated filer, or a smaller reporting company. large accelerated filer |_| non-accelerated filer |_| accelerated filer |_| smaller reporting company |x|"
2009,2,edgar/data/1322646/0001104659-09-037251.txt,sorted incorrectly,"[['Large accelerated', 61], ['Accelerated', 41], ['Non-accelerated', 81], ['Smaller reporting', 100]]","whether the registrant is a large accelerated filer, an accelerated filer, or a non-accelerated filer. see definition of accelerated filer and large accelerated filer in rule 12b-2 of the exchange act). (check one): accelerated filer o large accelerated filer o non-accelerated filer x smaller reporting company o"
2009,2,edgar/data/927454/0001144204-09-020492.txt,sorted incorrectly,"[['Large accelerated', 47], ['Accelerated', 67], ['Non-accelerated', 87], ['Smaller reporting', 20]]","whether the registrant is a large accelerated filer, an accelerated filer, or a non-accelerated filer or a smaller reporting company. large accelerated filer o accelerated filer o non-accelerated filer o smaller reporting company x ·"
2009,2,edgar/data/1401273/0001128732-09-000017.txt,sorted incorrectly,"[['Large accelerated', 40], ['Accelerated', 62], ['Non-accelerated', 84], ['Smaller reporting', -1]]","whether the registrant is a large accelerated filer, an accelerated filer, a non-accelerated filer, or a smaller reporting company. see definition of “large accelerated filer,” “accelerated filer” and “smaller reporting company” in rule 12b-2 of the exchange act. (check one): large accelerated filer [_] accelerated filer [_] non-accelerated filer [_]"
2009,2,edgar/data/1401273/0001128732-09-000019.txt,sorted incorrectly,"[['Large accelerated', 40], ['Accelerated', 62], ['Non-accelerated', 84], ['Smaller reporting', -1]]","whether the registrant is a large accelerated filer, an accelerated filer, a non-accelerated filer, or a smaller reporting company. see definition of “large accelerated filer,” “accelerated filer” and “smaller reporting company” in rule 12b-2 of the exchange act. (check one): large accelerated filer [_] accelerated filer [_] non-accelerated filer [_]"
2009,2,edgar/data/1401273/0001128732-09-000022.txt,sorted incorrectly,"[['Large accelerated', 40], ['Accelerated', 62], ['Non-accelerated', 84], ['Smaller reporting', -1]]","whether the registrant is a large accelerated filer, an accelerated filer, a non-accelerated filer, or a smaller reporting company. see definition of “large accelerated filer,” “accelerated filer” and “smaller reporting company” in rule 12b-2 of the exchange act. (check one): large accelerated filer [_] accelerated filer [_] non-accelerated filer [_]"
2009,2,edgar/data/1167419/0001079973-09-000412.txt,sorted incorrectly,"[['Large accelerated', 8], ['Accelerated', 47], ['Non-accelerated', 28], ['Smaller reporting', 67]]","whether the registrant is a large accelerated filer, an accelerated filer, a non-accelerated filer, or a smaller reporting company (as defined in exchange act rule 12b-2). large accelerated filer o non-accelerated filer o accelerated filer o smaller reporting company x"
2009,2,edgar/data/1428508/0001062993-09-001336.txt,sorted incorrectly,"[['Large accelerated', 27], ['Accelerated', 49], ['Non-accelerated', -1], ['Smaller reporting', 97]]","whether the registrant is a large accelerated filer, an accelerated filer, a nonaccelerated filer, or a smaller reporting company. see the definitions of large accelerated filer, accelerated filer and smaller reporting company in rule 12b2 of the exchange act. large accelerated filer [ ] accelerated filer [ ] nonaccelerated filer [ ] smaller reporting company [x]"
2009,2,edgar/data/894560/0001038838-09-000091.txt,sorted incorrectly,"[['Large accelerated', 27], ['Accelerated', 47], ['Non-accelerated', 67], ['Smaller reporting', -1]]","whether the registrant is a large accelerated filer, an accelerated filer, a non-accelerated filer, or a smaller reporting company. see the definitions of “large accelerated filer,” “accelerated filer” and “smaller reporting company” in rule 12b-2 of the exchange act. large accelerated filer o accelerated filer o non-accelerated filer o"
2009,2,edgar/data/1310893/0001446247-09-000025.txt,sorted incorrectly,"[['Large accelerated', 27], ['Accelerated', 67], ['Non-accelerated', 47], ['Smaller reporting', 87]]","whether the registrant is a large accelerated filer, an accelerated filer, a non-accelerated filer, or a smaller reporting company. see definitions of “large accelerated filer”, “accelerated filer” and “smaller reporting company” in rule 12b-2 of the exchange act. large accelerated filer  non-accelerated filer  accelerated filer  smaller reporting company x"
2009,2,edgar/data/1310893/0001446247-09-000031.txt,sorted incorrectly,"[['Large accelerated', 27], ['Accelerated', 67], ['Non-accelerated', 47], ['Smaller reporting', 87]]","whether the registrant is a large accelerated filer, an accelerated filer, a non-accelerated filer, or a smaller reporting company. see definitions of “large accelerated filer”, “accelerated filer” and “smaller reporting company” in rule 12b-2 of the exchange act. large accelerated filer  non-accelerated filer  accelerated filer  smaller reporting company x"
2009,2,edgar/data/921503/0000921503-09-000029.txt,sorted incorrectly,"[['Large accelerated', 40], ['Accelerated', 79], ['Non-accelerated', 60], ['Smaller reporting', 99]]","whether the registrant is a large accelerated filer, an accelerated filer, a non-accelerated filer, or a smaller reporting company. see the definitions of “large accelerated filer,” “accelerated filer” and “smaller reporting company” in rule 12b-2 of the exchange act. (check one): large accelerated filer  non-accelerated filer  accelerated filer x smaller reporting company "
2009,2,edgar/data/1344736/0001415889-09-000094.txt,sorted incorrectly,"[['Large accelerated', 40], ['Accelerated', 79], ['Non-accelerated', 58]]","whether the registrant is a large accelerated filer, an accelerated filer, or a non-accelerated filer. see definition of “accelerated filer and large accelerated filer” in rule 12b-2 of the exchange act. (check one): large accelerated filer non-accelerated filer o o accelerated filer small business issuer o x"
2009,2,edgar/data/1046356/0001144204-09-020522.txt,sorted incorrectly,"[['Large accelerated', 27], ['Accelerated', 66], ['Non-accelerated', 47], ['Smaller reporting', 86]]","whether the registrant is a large accelerated filer, an accelerated filer, a non-accelerated filer or a smaller reporting company. see definition of “large accelerated filer”, “accelerated filer” and “smaller reporting company” in rule 12b-2 of the exchange act. large accelerated filer ¨ non-accelerated filer ¨ accelerated filer ¨ smaller reporting company þ"
2009,2,edgar/data/1070295/0001193125-09-084297.txt,sorted incorrectly,"[['Large accelerated', 40], ['Accelerated', 60], ['Non-accelerated', 108], ['Smaller reporting', 80]]","whether the registrant is a large accelerated filer, an accelerated filer, a non-accelerated filer or a smaller reporting company. see definitions of large accelerated filer, accelerated filer, and smaller reporting company, in rule 12b 2 of the exchange act. (check one): large accelerated filer ¨ accelerated filer ¨ smaller reporting company x non-accelerated filer ¨"
2009,2,edgar/data/844161/0001047469-09-004099.txt,sorted incorrectly,"[['Large accelerated', 60], ['Accelerated', 38], ['Non-accelerated', 155], ['Smaller reporting', 174]]","whether the registrant is a large accelerated filer, an accelerated filer, a non-accelerated filer or a smaller reporting company (as defined in rule 12b-2 of the act). see definition of ""accelerated filer and large accelerated filer"" in rule 12b-2 of the exchange act.: large accelerated filer o accelerated filer ý non-accelerated filer o smaller reporting company o"
2009,2,edgar/data/821524/0001264931-09-000114.txt,sorted incorrectly,"[['Large accelerated', 27], ['Accelerated', 47], ['Non-accelerated', 67], ['Smaller reporting', -1]]","whether the registrant is a large accelerated filer, an accelerated filer, a non-accelerated filer, or a smaller reporting company. see the definitions of “large accelerated filer,” “accelerated filer” and “smaller reporting company” in rule 12b-2 of the exchange act. large accelerated filer o accelerated filer o non-accelerated filer o . yes  no þ"
2009,2,edgar/data/23082/0000023082-09-000023.txt,sorted incorrectly,"[['Large accelerated', 47], ['Accelerated', 67], ['Non-accelerated', 87], ['Smaller reporting', 20]]","whether the registrant is a large accelerated filer, an accelerated filer, or a non-accelerated filer or a smaller reporting company. large accelerated filer x accelerated filer o non-accelerated filer o smaller reporting company o"
2009,2,edgar/data/25354/0000025354-09-000031.txt,sorted incorrectly,"[['Large accelerated', 27], ['Accelerated', 66], ['Non-accelerated', 47], ['Smaller reporting', 86]]","whether the registrant is a large accelerated filer, an accelerated filer, a non-accelerated filer or a smaller reporting company. see the definitions of “large accelerated filer,” “ accelerated filer” and “smaller reporting company” in rule 12b-2 of the exchange act: large accelerated filer o non-accelerated filer o accelerated filer x smaller reporting company o"
2009,2,edgar/data/25354/0000025354-09-000043.txt,sorted incorrectly,"[['Large accelerated', 27], ['Accelerated', 66], ['Non-accelerated', 47], ['Smaller reporting', 86]]","whether the registrant is a large accelerated filer, an accelerated filer, a non-accelerated filer or a smaller reporting company. see the definitions of “large accelerated filer,” “ accelerated filer” and “smaller reporting company” in rule 12b-2 of the exchange act: large accelerated filer o non-accelerated filer o accelerated filer x smaller reporting company o"
2009,2,edgar/data/1005302/0001010549-09-000373.txt,sorted incorrectly,"[['Large accelerated', 27], ['Accelerated', 70], ['Non-accelerated', 49], ['Smaller reporting', 93]]","whether the registrant is a large accelerated filer, an accelerated filer, or a non-accelerated filer. see definition of ""accelerated filer and large accelerated filer"" in rule 12b-2 of the exchange act. large accelerated filer |_| non-accelerated filer | | accelerated filer |_ | smaller reporting company [x]"
2009,2,edgar/data/1396633/0001038838-09-000098.txt,sorted incorrectly,"[['Large accelerated', 27], ['Accelerated', 47], ['Non-accelerated', 67], ['Smaller reporting', -1]]","whether the registrant is a large accelerated filer, an accelerated filer, a non-accelerated filer, or a smaller reporting company. see the definitions of “large accelerated filer,” “accelerated filer” and “smaller reporting company” in rule 12b-2 of the exchange act. large accelerated filer o accelerated filer o non-accelerated filer o"
2009,2,edgar/data/1396633/0001038838-09-000169.txt,sorted incorrectly,"[['Large accelerated', 27], ['Accelerated', 47], ['Non-accelerated', 67], ['Smaller reporting', -1]]","whether the registrant is a large accelerated filer, an accelerated filer, a non-accelerated filer, or a smaller reporting company. see the definitions of “large accelerated filer,” “accelerated filer” and “smaller reporting company” in rule 12b-2 of the exchange act. large accelerated filer o accelerated filer o non-accelerated filer o"
2009,2,edgar/data/1029802/0001446247-09-000012.txt,sorted incorrectly,"[['Large accelerated', 27], ['Accelerated', 68], ['Non-accelerated', 47], ['Smaller reporting', 88]]","whether the registrant is a large accelerated filer, an accelerated filer, a non-accelerated filer, or a smaller reporting company. see definitions of “large accelerated filer”, “accelerated filer” and “smaller reporting company” in rule 12b-2 of the exchange act. large accelerated filer o non-accelerated filer o  accelerated filer o smaller reporting company x"
2009,2,edgar/data/1408348/0001193125-09-079801.txt,sorted incorrectly,"[['Large accelerated', 39], ['Accelerated', 78], ['Non-accelerated', 59], ['Smaller reporting', 98]]","whether the registrant is a large accelerated filer, an accelerated filer, a non-accelerated filer, or a smaller reporting company. see the definitions of large accelerated filer, accelerated filer and smaller reporting company in rule 12b-2 of the exchange act. (check one) large accelerated filer ¨ non-accelerated filer ¨ accelerated filer ¨ smaller reporting company x"
2009,2,edgar/data/830664/0001446247-09-000021.txt,sorted incorrectly,"[['Large accelerated', 27], ['Accelerated', 66], ['Non-accelerated', 47], ['Smaller reporting', 86]]","whether the registrant is a large accelerated filer, an accelerated filer, a non-accelerated filer, or a smaller reporting company. see definitions of “large accelerated filer”, “accelerated filer” and “smaller reporting company” in rule 12b-2 of the exchange act. large accelerated filer ¨ non-accelerated filer ¨ accelerated filer ¨ smaller reporting company þ"
2009,2,edgar/data/1334325/0001144204-09-018335.txt,sorted incorrectly,"[['Large accelerated', 47], ['Accelerated', 67], ['Non-accelerated', 87], ['Smaller reporting', 20]]","whether the registrant is a large accelerated filer, an accelerated filer, or a non-accelerated filer or a smaller reporting company. large accelerated filer ¨ accelerated filer ¨ non-accelerated filer ¨ smaller reporting company x s"
2009,2,edgar/data/1156784/0001354488-09-000768.txt,sorted incorrectly,"[['Large accelerated', 27], ['Accelerated', 47], ['Non-accelerated', 67], ['Smaller reporting', -1]]","whether the registrant is a large accelerated filer, an accelerated filer, a non-accelerated filer, or a smaller reporting company. see the definitions of large accelerated filer, accelerated filer and smaller reporting company in rule 12b-2 of the exchange act. large accelerated filer ¨ accelerated filer ¨ non-accelerated filer ¨ . yes ¨ no þ the aggregate market value of the of the registrants common stock held by non-affiliates of the registrant, computed by reference to price at which the common equity was sold, or the average bid and asked price of such common stock"
2009,2,edgar/data/1388748/0001062993-09-001320.txt,sorted incorrectly,"[['Large accelerated', 27], ['Accelerated', -1], ['Non-accelerated', -1], ['Smaller reporting', 49]]","whether the registrant is a large accelerated filer, an accelerated filer, a non-accelerated filer, or a smaller reporting company. see the definitions of ""large accelerated filer,"" ""accelerated filer"" and ""smaller reporting company"" in rule 12b-2 of the exchange act. large accelerated filer [ ] smaller reporting company [x]"
2009,2,edgar/data/1103017/0001038838-09-000097.txt,sorted incorrectly,"[['Large accelerated', 27], ['Accelerated', 47], ['Non-accelerated', 67], ['Smaller reporting', -1]]","whether the registrant is a large accelerated filer, an accelerated filer, a non-accelerated filer, or a smaller reporting company. see the definitions of “large accelerated filer,” “accelerated filer” and “smaller reporting company” in rule 12b-2 of the exchange act. large accelerated filer o accelerated filer o non-accelerated filer o"
2009,2,edgar/data/1015455/0001446247-09-000023.txt,sorted incorrectly,"[['Large accelerated', 27], ['Accelerated', 66], ['Non-accelerated', 47], ['Smaller reporting', 86]]","whether the registrant is a large accelerated filer, an accelerated filer, a none-accelerated filer, or a smaller reporting company. see the definitions of “large accelerated filer,” “accelerated filer” and “smaller reporting company” in rule 12b-2 of the exchange act. large accelerated filer o non-accelerated filer o accelerated filer o smaller reporting company þ"
2009,2,edgar/data/1444279/0001446247-09-000010.txt,sorted incorrectly,"[['Large accelerated', 27], ['Accelerated', 67], ['Non-accelerated', 47], ['Smaller reporting', 87]]","whether the registrant is a large accelerated filer, an accelerated filer, a non-accelerated filer, or a smaller reporting company. see definitions of “large accelerated filer”, “accelerated filer” and “smaller reporting company” in rule 12b-2 of the exchange act. large accelerated filer  non-accelerated filer  accelerated filer  smaller reporting company "
2009,2,edgar/data/707674/0001369270-09-000040.txt,sorted incorrectly,"[['Large accelerated', 49], ['Accelerated', 70], ['Non-accelerated', 200], ['Smaller reporting', 95]]","whether the registrant is a large accelerated filer, an accelerated filer, a non-accelerated filer, or a smaller reporting company. see the definitions of “large accelerated filer,” “accelerated filer,” and “smaller reporting company” in rule 12-2 of the exchange act. large accelerated filer [ ] accelerated filer [ ] non-accelerated filer [ ] smaller reporting company [x]"
2009,2,edgar/data/1095274/0001144204-09-023416.txt,sorted incorrectly,"[['Large accelerated', 27], ['Accelerated', 47], ['Non-accelerated', -1], ['Smaller reporting', 67]]","whether the registrant is a large accelerated filer, an accelerated filer, or a non-accelerated filer, or a smaller reporting company. see definition of “large accelerated filer,” “accelerated filer,” and “smaller reporting company” in rule 12b-2 of the exchange act. large accelerated filer o accelerated filer o smaller reporting company x"
2009,2,edgar/data/1091983/0001023175-09-000101.txt,sorted incorrectly,"[['Large accelerated', 25], ['Accelerated', 68], ['Non-accelerated', 47], ['Smaller reporting', 90]]","whether the registrant is a large accelerated filer, an accelerated filer, a non-accelerated filer or a smaller reporting company: large accelerated filer [ ] non-accelerated filer [ ] accelerated filer [ ] smaller reporting company [x]"
2009,2,edgar/data/831246/0000950123-09-006411.txt,sorted incorrectly,"[['Large accelerated', 42], ['Accelerated', 81], ['Non-accelerated', 62], ['Smaller reporting', 101]]","whether the registrant is a large accelerated filer, an accelerated filer, a non-accelerated filer, or a smaller reporting company. see the definitions of large accelerated filer, accelerated filer and smaller reporting company in rule 12b-2 of the exchange act. (check one): o large accelerated filer o non-accelerated filer o accelerated filer þ smaller reporting company"
2009,2,edgar/data/1443818/0001445866-09-000016.txt,sorted incorrectly,"[['Large accelerated', 40], ['Accelerated', 75], ['Non-accelerated', 58]]","whether the registrant is a large accelerated filer, an accelerated filer, or a non-accelerated filer. see definition of accelerated filer and large accelerated filer in rule 12b-2 of the exchange act. (check one): large accelerated filer non-accelerated filer accelerated filer small business issuer x"
2009,2,edgar/data/1090967/0001178913-09-001204.txt,sorted incorrectly,"[['Large accelerated', 25], ['Accelerated', 64], ['Non-accelerated', 45], ['Smaller reporting', 84]]","whether the registrant is a large accelerated filer, an accelerated filer, a non-accelerated filer or a smaller reporting company: large accelerated filer o non-accelerated filer o accelerated filer o smaller reporting company x"
2009,2,edgar/data/1338118/0001079973-09-000494.txt,sorted incorrectly,"[['Large accelerated', 27], ['Accelerated', 66], ['Non-accelerated', 47], ['Smaller reporting', 86]]","whether the registrant is a large accelerated filer, an accelerated filer, a non-accelerated filer, or a smaller reporting company. seethe definitions of ""large accelerated filer"", ""accelerated filer"", and ""smaller reporting company"" in rule 12b-2 of the exchange act. large accelerated filer o non-accelerated filer o accelerated filer o smaller reporting company x"
2009,2,edgar/data/1338118/0001079973-09-000643.txt,sorted incorrectly,"[['Large accelerated', 27], ['Accelerated', 66], ['Non-accelerated', 47], ['Smaller reporting', 86]]","whether the registrant is a large accelerated filer, an accelerated filer, a non-accelerated filer, or a smaller reporting company. seethe definitions of ""large accelerated filer"", ""accelerated filer"", and ""smaller reporting company"" in rule 12b-2 of the exchange act. large accelerated filer o non-accelerated filer o accelerated filer o smaller reporting company x"
2009,2,edgar/data/720671/0000950123-09-019008.txt,sorted incorrectly,"[['Large accelerated', 49], ['Accelerated', 70], ['Non-accelerated', 162], ['Smaller reporting', 94]]","whether the registrant is a large accelerated filer, an accelerated filer, a non-accelerated filer, or a smaller reporting company. see the definitions of large accelerated filer, accelerated filer and smaller reporting company. large accelerated filer o accelerated filer o non-accelerated filer o smaller reporting company þ"
2009,2,edgar/data/1101026/0001078782-09-000828.txt,sorted incorrectly,"[['Large accelerated', 39], ['Accelerated', 78], ['Non-accelerated', 59], ['Smaller reporting', 98]]","whether the registrant is a large accelerated filer, an accelerated filer, a non-accelerated filer, or a smaller reporting company. see the definitions of large accelerated filer, accelerated filer, and smaller reporting company” in rule 12b-2 of the exchange act (check one). large accelerated filer . non-accelerated filer . accelerated filer . smaller reporting company x ."
2009,2,edgar/data/777516/0001019687-09-001482.txt,sorted incorrectly,"[['Large accelerated', 40], ['Accelerated', 83], ['Non-accelerated', 62], ['Smaller reporting', 105]]","whether the registrant is a large accelerated filer, an accelerated filer, a non-accelerated filer, or a smaller reporting company. see the definition of ""large accelerated filer,"" ""accelerated filer"" and ""smaller reporting company"" in rule 12b-2 of the exchange act. (check one): large accelerated filer [_] non-accelerated filer [_] accelerated filer [_] smaller reporting company [x]"
2009,2,edgar/data/1172319/0001214659-09-000920.txt,sorted incorrectly,"[['Large accelerated', 40], ['Accelerated', 79], ['Non-accelerated', 60], ['Smaller reporting', 99]]","whether the registrant is a large accelerated filer, an accelerated filer, a non-accelerated filer, or a smaller reporting company. see the definition for “large accelerated filer,” “accelerated filer,” and “smaller reporting company” in rule 12b-2 of the exchange act. (check one): large accelerated filer £ non-accelerated filer £ accelerated filer £ smaller reporting company q"
2009,2,edgar/data/1083663/0001019687-09-001383.txt,sorted incorrectly,"[['Large accelerated', 40], ['Accelerated', 83], ['Non-accelerated', 62], ['Smaller reporting', 105]]","whether the registrant is a large accelerated filer, an accelerated filer, or a non-accelerated filer. see definition of ""accelerated filer and large accelerated filer"" in rule 12b-2 of the exchange act. (check one): large accelerated filer |_| non-accelerated filer |_| accelerated filer |_| smaller reporting company |x|"
2009,2,edgar/data/1413599/0001183740-09-000176.txt,sorted incorrectly,"[['Large accelerated', 27], ['Accelerated', 66], ['Non-accelerated', 47], ['Smaller reporting', 86]]","whether the registrant is a large accelerated filer, an accelerated filer, a non-accelerated filer, or a smaller reporting company. see the definitions of ""large accelerated filer"", ""accelerated filer"" and ""smaller reporting company"" in rule 12b-2 of the exchange act. large accelerated filer £ non-accelerated filer £ accelerated filer £ smaller reporting company s"
2009,2,edgar/data/1094320/0001144204-09-020650.txt,sorted incorrectly,"[['Large accelerated', 27], ['Accelerated', 66], ['Non-accelerated', 47], ['Smaller reporting', 86]]","whether the registrant is a large accelerated filer, an accelerated filer, a non-accelerated filer, or a smaller reporting company. see the definitions of “large accelerated filer,” “accelerated filer” and “smaller reporting company” in rule 12b-2 of the exchange act. large accelerated filer ¨ non-accelerated filer ¨ accelerated filer ¨ smaller reporting company x"
2009,2,edgar/data/1328208/0001038494-09-000015.txt,sorted incorrectly,"[['Large accelerated', 44], ['Accelerated', 96], ['Non-accelerated', 119], ['Smaller reporting', 66]]","whether the registrant is a large accelerated filer, an accelerated filer, or a non-accelerated filer. see definition of ""accelerated filer and large accelerated filer"" in rule 12b-2 of the exchange act. (check one): [ ] large accelerated filer [ ] smaller reporting company [ ] accelerated filer [x ] non-accelerated filer"
2009,2,edgar/data/1076700/0001144204-09-020822.txt,sorted incorrectly,"[['Large accelerated', 42], ['Accelerated', 81], ['Non-accelerated', 62], ['Smaller reporting', 101]]","whether the registrant is a large accelerated filer, an accelerated filer, a non-accelerated filer, or a smaller reporting company. see the definitions of “large accelerated filer,” “accelerated filer” and “smaller reporting company” in rule 12b-2 of the exchange act. (check one): o large accelerated filer o non-accelerated filer o accelerated filer þ smaller reporting company"
2009,2,edgar/data/30140/0001188112-09-001474.txt,sorted incorrectly,"[['Large accelerated', 40], ['Accelerated', 60], ['Non-accelerated', -1], ['Smaller reporting', 104]]","whether the registrant is a large accelerated filer, an accelerated filer, a non-accelerated filer, or a smaller reporting company. see the definitions of “large accelerated filer,” “accelerated filer” and “smaller reporting company” in rule 12b-2 of the exchange act. (check one): large accelerated filer o accelerated filer o non–accelerated filer o smaller reporting company x"
2009,2,edgar/data/1065189/0001019687-09-001585.txt,sorted incorrectly,"[['Large accelerated', 43], ['Accelerated', 64], ['Non-accelerated', 204], ['Smaller reporting', 89]]","whether the registrant is a large accelerated filer, an accelerated filer, or a non-accelerated filer (as defined in rule 12b-2 of the act). see the definitions of “large accelerated filer,” “accelerated filer,” and “smaller reporting company” in rule 12b-2 of the exchange act. (check one): large accelerated filer o accelerated filer o non-accelerated filer o smaller reporting company x"
2009,2,edgar/data/1172178/0001062993-09-001770.txt,sorted incorrectly,"[['Large accelerated', 27], ['Accelerated', 70], ['Non-accelerated', 49], ['Smaller reporting', 92]]","whether the registrant is a large accelerated filer, an accelerated filer, a non-accelerated filer, or a smaller reporting company. see the definition of large accelerated filer, accelerated filer and smaller reporting company in rule 12b-2 of the exchange act. large accelerated filer [ ] non-accelerated filer [ ] accelerated filer [ ] smaller reporting company [x]"
2009,2,edgar/data/1141240/0001104659-09-024354.txt,sorted incorrectly,"[['Large accelerated', 43], ['Accelerated', 64], ['Non-accelerated', 204], ['Smaller reporting', 89]]","whether the registrant is a large accelerated filer, an accelerated filer, or a non-accelerated filer (as defined in rule 12b-2 of the act). see the definitions of large accelerated filer, accelerated filer, and smaller reporting company in rule 12b-2 of the exchange act. (check one): large accelerated filer o accelerated filer o non-accelerated filer o smaller reporting company x"
2009,2,edgar/data/802851/0000802851-09-000013.txt,sorted incorrectly,"[['Large accelerated', 27], ['Accelerated', 49], ['Non-accelerated', 71], ['Smaller reporting', -1]]","whether the registrant is a large accelerated filer, an accelerated filer, a non-accelerated filer, or a smaller reporting company. see definitions of large accelerated filer, accelerated filer, and smaller reporting company in rule 12b-2 of the exchange act. large accelerated filer [ ] accelerated filer [ ] non-accelerated filer [x] . yes [ ] no [x] the aggregate market value of the voting and non-voting common stock held by non-affiliates computed by reference to the closing price of the common stock"
2009,2,edgar/data/1318268/0001062993-09-001337.txt,sorted incorrectly,"[['Large accelerated', 27], ['Accelerated', -1], ['Non-accelerated', -1], ['Smaller reporting', 49]]","whether the registrant is a large accelerated filer, an accelerated filer, a non-accelerated filer, or a smaller reporting company. see the definitions of large accelerated filer, accelerated filer and smaller reporting company in rule 12b-2 of the exchange act. large accelerated filer [ ] smaller reporting company [x]"
2009,2,edgar/data/1375017/0000927089-09-000109.txt,sorted incorrectly,"[['Large accelerated', 30], ['Accelerated', 72], ['Non-accelerated', -1], ['Smaller reporting', 90]]","whether the registrant is a large accelerated filer, an accelerated filer, a non-accelerated filer or a smaller reporting company. see definition of “accelerated filer,” “large accelerated filer” and “smaller reporting company” in rule 12b-2 of the act. (check one) large accelerated filer accelerate d filer non--accelerated filer smaller reporting company x"
2009,2,edgar/data/1032067/0000950123-09-014102.txt,sorted incorrectly,"[['Large accelerated', 65], ['Accelerated', 85], ['Non-accelerated', 46], ['Smaller reporting', 105]]","whether the registrant is a large accelerated filer, a non-accelerated filer, or a smaller reporting company. see definition of large accelerated filer, accelerated filer and smaller reporting company in rule 12b-2 of the securities exchange act of 1934. non-accelerated filer o large accelerated filer o accelerated filer o smaller reporting company þ"
2009,2,edgar/data/748270/0001193125-09-127941.txt,sorted incorrectly,"[['Large accelerated', 57], ['Accelerated', 35], ['Non-accelerated', 163]]","whether the registrant is a large accelerated filer, an accelerated filer, or a non-accelerated filer. see definition of accelerated filer and large accelerated filer in rule 12-b of the exchange act. (check one): large accelerated filer ¨ accelerated filer x non-accelerated filer ¨"
2009,2,edgar/data/1435717/0001264931-09-000116.txt,sorted incorrectly,"[['Large accelerated', 27], ['Accelerated', 66], ['Non-accelerated', 47], ['Smaller reporting', 86]]","whether the registrant is a large accelerated filer, an accelerated filer, a non-accelerated filer, or a smaller reporting company. see definitions of “large accelerated filer”, “accelerated filer” and “smaller reporting company” in rule 12b-2 of the exchange act. large accelerated filer ¨ non-accelerated filer ¨ accelerated filer ¨ smaller reporting company þ"
2009,2,edgar/data/1100734/0001016295-09-000064.txt,sorted incorrectly,"[['Large accelerated', 27], ['Accelerated', -1], ['Non-accelerated', 68], ['Smaller reporting', 87]]","whether the registrant is a large accelerated filer, an accelerated filer, a non-accelerated filer, or a smaller reporting company. see definitions of “large accelerated filer,” “accelerated filer,” and “smaller reporting company” in rule 12b-2 of the exchange act. large accelerated filer ¨ accelerate d filer ¨ non-accelerated filer ¨ smaller reporting company x"
2009,2,edgar/data/1430060/0001446247-09-000027.txt,sorted incorrectly,"[['Large accelerated', 27], ['Accelerated', 68], ['Non-accelerated', 47], ['Smaller reporting', 88]]","whether the registrant is a large accelerated filer, an accelerated filer, a non-accelerated filer, or a smaller reporting company. see definitions of “large accelerated filer”, “accelerated filer” and “smaller reporting company” in rule 12b-2 of the exchange act. large accelerated filer  non-accelerated filer  accelerated filer  smaller reporting company x"
2009,2,edgar/data/1430060/0001446247-09-000033.txt,sorted incorrectly,"[['Large accelerated', 27], ['Accelerated', 66], ['Non-accelerated', 47], ['Smaller reporting', 86]]","whether the registrant is a large accelerated filer, an accelerated filer, a non-accelerated filer, or a smaller reporting company. see definitions of “large accelerated filer”, “accelerated filer” and “smaller reporting company” in rule 12b-2 of the exchange act. large accelerated filer  non-accelerated filer  accelerated filer  smaller reporting company x"
2009,2,edgar/data/1089575/0001193125-09-073599.txt,sorted incorrectly,"[['Large accelerated', 16], ['Accelerated', 55], ['Non-accelerated', 36], ['Smaller reporting', 75]]","whether the registrant is a large accelerated filer, an accelerated filer or a non-accelerated filer. large accelerated filer ¨ non-accelerated filer ¨ accelerated filer x smaller reporting company ¨"
2009,2,edgar/data/1025953/0001144204-09-029636.txt,sorted incorrectly,"[['Large accelerated', 40], ['Accelerated', -1], ['Non-accelerated', 60], ['Smaller reporting', -1]]","whether the registrant is a large accelerated filer, an accelerated filer, a non-accelerated filer, or a smaller reporting company. see definition of “large accelerated filer,” “accelerated filer,” and “smaller reporting company"" in rule 12b-2 of the exchange act. (check one): large accelerated filer ¨ non-accelerated filer ¨ non-accelerated filer ¨ small business filer x"
2009,2,edgar/data/1025953/0001144204-09-030110.txt,sorted incorrectly,"[['Large accelerated', 40], ['Accelerated', -1], ['Non-accelerated', 60], ['Smaller reporting', -1]]","whether the registrant is a large accelerated filer, an accelerated filer, a non-accelerated filer, or a smaller reporting company. see definition of “large accelerated filer,” “accelerated filer,” and “smaller reporting company"" in rule 12b-2 of the exchange act. (check one): large accelerated filer ¨ non-accelerated filer ¨ non-accelerated filer ¨ small business filer x"
2009,2,edgar/data/863895/0001144204-09-020796.txt,sorted incorrectly,"[['Large accelerated', 53], ['Accelerated', 73], ['Non-accelerated', 93], ['Smaller reporting', 26]]","whether the registrant is a large accelerated filer, an accelerated filer, or a non-accelerated filer filer or a smaller reporting company. large accelerated filer ¨ accelerated filer ¨ non-accelerated filer ¨ smaller reporting company x"
2009,2,edgar/data/1015923/0001169232-09-002888.txt,sorted incorrectly,"[['Large accelerated', 49], ['Accelerated', 70], ['Non-accelerated', 209], ['Smaller reporting', 94]]","whether the registrant is a large accelerated filer, an accelerated filer, a non-accelerated filer, or a smaller reporting company. see the definitions of “large accelerated filer”, “accelerated filer” and “smaller reporting company” in rule 12 b-2 of the exchange act (check one): large accelerated filer o accelerated filer x non-accelerated filer o smaller reporting company o"
2009,2,edgar/data/1086303/0001023175-09-000080.txt,sorted incorrectly,"[['Large accelerated', 25], ['Accelerated', 68], ['Non-accelerated', 47], ['Smaller reporting', 90]]","whether the registrant is a large accelerated filer, an accelerated filer, a non-accelerated filer or a smaller reporting company: large accelerated filer [ ] non-accelerated filer [ ] accelerated filer [ ] smaller reporting company [x]"
2009,2,edgar/data/216877/0000216877-09-000018.txt,sorted incorrectly,"[['Large accelerated', 29], ['Accelerated', 72], ['Non-accelerated', 51], ['Smaller reporting', 94]]","whether the registrant is a large accelerated filer, an accelerated filer, a non-accelerated filer, or a smaller reporting company. [ ] large accelerated filer [ ] non-accelerated filer [ ] accelerated filer [x] smaller reporting company"
2009,2,edgar/data/1014653/0001050502-09-000119.txt,sorted incorrectly,"[['Large accelerated', 27], ['Accelerated', 49], ['Non-accelerated', 71], ['Smaller reporting', -1]]","whether the registrant is a large accelerated filer, an accelerated filer, a non-accelerated filer, or a smaller reporting company. see the definitions of ""large accelerated filer,"" ""accelerated filer"" and ""smaller reporting company"" in rule 12b-2 of the exchange act. large accelerated filer |_| accelerated filer |_| non-accelerated filer"
2009,2,edgar/data/1414030/0001092306-09-000119.txt,sorted incorrectly,"[['Large accelerated', 146], ['Accelerated', -1], ['Non-accelerated', 121], ['Smaller reporting', 138]]","whether the registrant is a large accelerated filer, an accelerated filer, a non-accelerated filer or a smaller reporting company. see definitions of ""large accelerated filer,"" ""accelerated filer"" and ""smaller reporting company"" in rule 12b-2 of the exchange act. (check one): ________________________________________________________________________________ non-accelerated filer smaller large accelerated company [ ] [ ] [ ] [x] ________________________________________________________________________________"
2009,2,edgar/data/1191354/0001096906-09-000417.txt,sorted incorrectly,"[['Large accelerated', 40], ['Accelerated', 58], ['Non-accelerated', 76], ['Smaller reporting', -1]]","whether the registrant is a large accelerated filer, an accelerated filer, a non-accelerated filer, or a smaller reporting company. see the definitions of ""large accelerated filer,"" ""accelerated filer"" and ""smaller reporting company"" in rule 12b-2 of the exchange act. (check one): large accelerated filer accelerated filer non-accelerated filer"
2009,2,edgar/data/1093800/0001214659-09-000846.txt,sorted incorrectly,"[['Large accelerated', 38], ['Accelerated', 58], ['Non-accelerated', -1], ['Smaller reporting', 96]]","whether the registrant is a large accelerated filer, an accelerated filer, or a smaller reporting company. (check one): large accelerated filer o accelerated filer o on-accelerated filer o smaller reporting company x"
2009,2,edgar/data/870069/0000950005-09-000195.txt,sorted incorrectly,"[['Large accelerated', 27], ['Accelerated', 49], ['Non-accelerated', -1], ['Smaller reporting', 71]]","whether the registrant is a large accelerated filer, accelerated filer, or smaller reporting company filer. see definition of accelerated filer and large accelerated filer in rule 12b-2 of the exchange act. large accelerated filer [ ] accelerated filer [ ] smaller reporting company filer [x]"
2009,2,edgar/data/1176337/0001023175-09-000100.txt,sorted incorrectly,"[['Large accelerated', 25], ['Accelerated', 68], ['Non-accelerated', 47], ['Smaller reporting', 90]]","whether the registrant is a large accelerated filer, an accelerated filer, a non-accelerated filer or a smaller reporting company: large accelerated filer [ ] non-accelerated filer [ ] accelerated filer [ ] smaller reporting company [x] 1"
2009,2,edgar/data/899647/0000921895-09-000969.txt,sorted incorrectly,"[['Large accelerated', 40], ['Accelerated', 79], ['Non-accelerated', 60], ['Smaller reporting', 99]]","whether the registrant is a large accelerated filer, an accelerated filer, or a non-accelerated filer. see definition of “accelerated filer and large accelerated filer” in rule 12b-2 of the exchange act. (check one): large accelerated filer ¨ non-accelerated filer ¨ accelerated filer ý smaller reporting company ¨"
2009,2,edgar/data/1387673/0001092306-09-000129.txt,sorted incorrectly,"[['Large accelerated', 146], ['Accelerated', -1], ['Non-accelerated', 121], ['Smaller reporting', 138]]","whether the registrant is a large accelerated filer, an accelerated filer, a non-accelerated filer or a smaller reporting company. see definitions of ""large accelerated filer,"" ""accelerated filer"" and ""smaller reporting company"" in rule 12b-2 of the exchange act. (check one): ________________________________________________________________________________ non-accelerated filer smaller large accelerated company [ ] [ ] [ ] [x] ________________________________________________________________________________"
2009,2,edgar/data/880771/0001193125-09-088522.txt,parser exception 1
2009,2,edgar/data/1115975/0001023175-09-000182.txt,sorted incorrectly,"[['Large accelerated', 25], ['Accelerated', 68], ['Non-accelerated', 47], ['Smaller reporting', 90]]","whether the registrant is a large accelerated filer, an accelerated filer, a non-accelerated filer or a smaller reporting company: large accelerated filer [ ] non-accelerated filer [ ] accelerated filer [ ] smaller reporting company [x] 1"
2009,2,edgar/data/1300744/0001144204-09-020031.txt,sorted incorrectly,"[['Large accelerated', 40], ['Accelerated', 79], ['Non-accelerated', 60]]","whether the registrant is a large accelerated filer, an accelerated filer, or a non-accelerated filer. see definition of “accelerated filer and large accelerated filer” in rule 12b-2 of the exchange act. (check one): large accelerated filer ¨ non-accelerated filer ¨ accelerated filer ¨ small business issuer x"
2009,2,edgar/data/1183276/0000912282-09-000582.txt,sorted incorrectly,"[['Large accelerated', 39], ['Accelerated', 78], ['Non-accelerated', 59], ['Smaller reporting', 98]]","whether the registrant is a large accelerated filer, an accelerated filer, or a non-accelerated filer. see definition of “accelerated filer and large accelerated filer” in rule 12b-2 of the exchange act (check one): large accelerated filer o non-accelerated filer o accelerated filer o smaller reporting company x"
2009,2,edgar/data/1375495/0001375495-09-000027.txt,sorted incorrectly,"[['Large accelerated', 27], ['Accelerated', 66], ['Non-accelerated', 47], ['Smaller reporting', 86]]","whether the registrant is a large accelerated filer, an accelerated filer, a non-accelerated filer, or a smaller reporting company. see the definitions of ""large accelerated filer,"" ""accelerated filer,"" and ""smaller reporting company"" in rule 12b-2 of the exchange act. large accelerated filer o non-accelerated filer o accelerated filer o smaller reporting company x"
2009,2,edgar/data/1375495/0001375495-09-000030.txt,sorted incorrectly,"[['Large accelerated', 27], ['Accelerated', 66], ['Non-accelerated', 47], ['Smaller reporting', 86]]","whether the registrant is a large accelerated filer, an accelerated filer, a non-accelerated filer, or a smaller reporting company. see the definitions of ""large accelerated filer,"" ""accelerated filer,"" and ""smaller reporting company"" in rule 12b-2 of the exchange act. large accelerated filer o non-accelerated filer o accelerated filer o smaller reporting company x"
2009,2,edgar/data/1375495/0001375495-09-000032.txt,sorted incorrectly,"[['Large accelerated', 27], ['Accelerated', 66], ['Non-accelerated', 47], ['Smaller reporting', 86]]","whether the registrant is a large accelerated filer, an accelerated filer, a non-accelerated filer, or a smaller reporting company. see the definitions of ""large accelerated filer,"" ""accelerated filer,"" and ""smaller reporting company"" in rule 12b-2 of the exchange act. large accelerated filer o non-accelerated filer o accelerated filer o smaller reporting company x"
2009,2,edgar/data/1103577/0001161697-09-000380.txt,sorted incorrectly,"[['Large accelerated', 25], ['Accelerated', 47], ['Non-accelerated', 69], ['Smaller reporting', -1]]","whether the registrant is a large accelerated filer, an accelerated filer, a non-accelerated filer, or a smaller reporting company: large accelerated filer [ ] accelerated filer [ ] non-accelerated filer"
2009,2,edgar/data/1054097/0001062993-09-001114.txt,sorted incorrectly,"[['Large accelerated', 27], ['Accelerated', 70], ['Non-accelerated', 49], ['Smaller reporting', 92]]","whether the registrant is a large accelerated filer, an accelerated filer, a non-accelerated filer or a smaller reporting company. see definitions of large accelerated filer, accelerated filer and smaller reporting company in rule 12b-2 of the exchange act. large accelerated filer [ ] non-accelerated filer [ ] accelerated filer [ ] smaller reporting company [ x ]"
2009,2,edgar/data/1054097/0001062993-09-001167.txt,sorted incorrectly,"[['Large accelerated', 27], ['Accelerated', 70], ['Non-accelerated', 49], ['Smaller reporting', 92]]","whether the registrant is a large accelerated filer, an accelerated filer, a non-accelerated filer or a smaller reporting company. see definitions of large accelerated filer, accelerated filer and smaller reporting company in rule 12b-2 of the exchange act. large accelerated filer [ ] non-accelerated filer [ ] accelerated filer [ ] smaller reporting company [ x ]"
2009,2,edgar/data/53320/0001062993-09-001391.txt,sorted incorrectly,"[['Large accelerated', 27], ['Accelerated', 70], ['Non-accelerated', 49], ['Smaller reporting', 92]]","whether the registrant is a large accelerated filer, an accelerated filer, a non-accelerated filer, or a smaller reporting company. see the definitions of large accelerated filer, accelerated filer and smaller reporting company in rule 12b-2 of the exchange act. large accelerated filer [ ] non-accelerated filer [ ] accelerated filer [ ] smaller reporting company [ x ]"
2009,2,edgar/data/1435387/0001137070-09-000013.txt,sorted incorrectly,"[['Large accelerated', 27], ['Accelerated', 66], ['Non-accelerated', 47], ['Smaller reporting', 86]]","whether the registrant is a large accelerated filer, an accelerated filer, a non-accelerated filer, or a smaller reporting company. see the definitions of ""large accelerated filer,"" ""accelerated filer"" and ""smaller reporting company"" in rule 12b-2 of the exchange act. large accelerated filer r non-accelerated filer r accelerated filer r smaller reporting company ý"
2009,2,edgar/data/1421289/0001013762-09-000675.txt,sorted incorrectly,"[['Large accelerated', 28], ['Accelerated', 48], ['Non-accelerated', 96], ['Smaller reporting', 68]]","whether the registrant is a large accelerated filer, an accelerated filer, a non-accelerated filer, or a smaller reporting company. see the definitions of “large accelerated filer,” “accelerated filer” and “smaller reporting company” in rule 12b-2 of the exchange act.: large accelerated filer o accelerated filer o smaller reporting company x non-accelerated filer o"
2009,2,edgar/data/1351051/0000950123-09-018738.txt,sorted incorrectly,"[['Large accelerated', 27], ['Accelerated', 47], ['Non-accelerated', 67], ['Smaller reporting', -1]]","whether the registrant is a large accelerated filer, an accelerated filer, a non-accelerated filer or a smaller reporting company. see definitions of large accelerated filer, accelerated filer and smaller reporting company in rule 12b-2 of the exchange act: large accelerated filer o accelerated filer þ non-accelerated filer o non-accelerated filer o"
2009,2,edgar/data/1398702/0001325310-09-000021.txt,sorted incorrectly,"[['Large accelerated', 27], ['Accelerated', 66], ['Non-accelerated', 47], ['Smaller reporting', 86]]","whether the registrant is a large accelerated filer, an accelerated filer, a non-accelerated filer, or a smaller reporting company. see the definitions of large accelerated filer, accelerated filer and smaller reporting company in rule 12b-2 of the exchange act. large accelerated filer o non-accelerated filer o accelerated filer o smaller reporting company x"
2009,2,edgar/data/1013796/0001013796-09-000022.txt,sorted incorrectly,"[['Large accelerated', 27], ['Accelerated', 66], ['Non-accelerated', 47], ['Smaller reporting', 86]]","whether the registrant is a large accelerated filer, an accelerated filer, a non-accelerated filer, or a smaller reporting company. see the definitions of “large accelerated filer,” “accelerated filer” and “smaller reporting company” in rule 12b-2 of the exchange act. large accelerated filer ¨ non-accelerated filer ¨ accelerated filer þ smaller reporting company ¨"
2009,2,edgar/data/1099332/0001369270-09-000038.txt,sorted incorrectly,"[['Large accelerated', 49], ['Accelerated', 70], ['Non-accelerated', 196], ['Smaller reporting', 95]]","whether the registrant is a large accelerated filer, an accelerated filer, a non-accelerated filer, or a smaller reporting company. see the definitions of “large accelerated filer,” “accelerated filer,” and “smaller reporting company” in rule 12-2 of the exchange act. large accelerated filer £ accelerated filer £ non-accelerated filer £ smaller reporting company [x]"
2009,2,edgar/data/1393371/0001121781-09-000150.txt,sorted incorrectly,"[['Large accelerated', 40], ['Accelerated', 62], ['Non-accelerated', 84], ['Smaller reporting', -1]]","whether the registrant is a large accelerated filer, an accelerated filer, a non-accelerated filer or a smaller reporting company. see definitions of large accelerated filer, accelerated filer and smaller reporting company in rule 12b-2 of the exchange act. (check one): large accelerated filer [ ] accelerated filer [ ] non-accelerated filer [ ] amaller reporting company [x]"
2009,2,edgar/data/1390891/0001079973-09-000428.txt,sorted incorrectly,"[['Large accelerated', 27], ['Accelerated', 66], ['Non-accelerated', 47], ['Smaller reporting', 86]]","whether the registrant is a large accelerated filer, an accelerated filer, a non-accelerated filer, or a smaller reporting company. see the definitions of large accelerated filer, accelerated filer, and smaller reporting company in rule 12b-2 of the exchange act. large accelerated filer o non-accelerated filer o accelerated filer o smaller reporting company x"
2009,2,edgar/data/1413581/0001092306-09-000125.txt,sorted incorrectly,"[['Large accelerated', 146], ['Accelerated', -1], ['Non-accelerated', 121], ['Smaller reporting', 138]]","whether the registrant is a large accelerated filer, an accelerated filer, a non-accelerated filer or a smaller reporting company. see definitions of ""large accelerated filer,"" ""accelerated filer"" and ""smaller reporting company"" in rule 12b-2 of the exchange act. (check one): ________________________________________________________________________________ non-accelerated filer smaller large accelerated company [ ] [ ] [ ] [x] ________________________________________________________________________________"
2009,2,edgar/data/891166/0000898432-09-000695.txt,sorted incorrectly,"[['Large accelerated', 25], ['Accelerated', 47], ['Non-accelerated', 69], ['Smaller reporting', -1]]","whether the registrant is a large accelerated filer, an accelerated filer, a non-accelerated filer, or a smaller reporting company. large accelerated filer [ ] accelerated filer [x] non-accelerated filer [ ]"
2009,2,edgar/data/1365354/0001446247-09-000019.txt,sorted incorrectly,"[['Large accelerated', 27], ['Accelerated', 66], ['Non-accelerated', 47], ['Smaller reporting', 86]]","whether the registrant is a large accelerated filer, an accelerated filer, a non-accelerated filer, or a smaller reporting company. see definitions of “large accelerated filer”, “accelerated filer” and “smaller reporting company” in rule 12b-2 of the exchange act. large accelerated filer o non-accelerated filer o accelerated filer o smaller reporting company þ"
2009,2,edgar/data/797542/0001295345-09-000024.txt,sorted incorrectly,"[['Large accelerated', 60], ['Accelerated', 80], ['Non-accelerated', 100], ['Smaller reporting', 32]]","whether the registrant is a large accelerated filer, an accelerated filer, a non-accelerated filer (as defined in rule 12b-2 of the exchange act) or a smaller reporting company . large accelerated filer ¨ accelerated filer ¨ non-accelerated filer ¨ smaller reporting company x"
